resid,resCavID,cavityPDB,ENV1-All,ENV2-All,ENV3-All,ENV4-All,hbVR,hDVR,lipVR,QSASA,pka,pkdAve,ENV1-Tanaka1,ENV2-Tanaka1,ENV3-Tanaka1,ENV4-Tanaka1,ENV1-Tanaka2,ENV2-Tanaka2,ENV3-Tanaka2,ENV4-Tanaka2,ENV1-Tanaka3,ENV2-Tanaka3,ENV3-Tanaka3,ENV4-Tanaka3,ENV1-Tanaka4,ENV2-Tanaka4,ENV3-Tanaka4,ENV4-Tanaka4,ENV1-Tanaka5,ENV2-Tanaka5,ENV3-Tanaka5,ENV4-Tanaka5,ENV1-Tanaka6,ENV2-Tanaka6,ENV3-Tanaka6,ENV4-Tanaka6,ENV1-Tanaka7,ENV2-Tanaka7,ENV3-Tanaka7,ENV4-Tanaka7,ENV1-Tanaka8,ENV2-Tanaka8,ENV3-Tanaka8,ENV4-Tanaka8,ENV1-Tanaka9,ENV2-Tanaka9,ENV3-Tanaka9,ENV4-Tanaka9,ENV1-Tanaka10,ENV2-Tanaka10,ENV3-Tanaka10,ENV4-Tanaka10,ENV1-Tanaka11,ENV2-Tanaka11,ENV3-Tanaka11,ENV4-Tanaka11,ENV1-Tanaka12,ENV2-Tanaka12,ENV3-Tanaka12,ENV4-Tanaka12
CYS_A_53,CYS_A_206,protein_cavity_3.pdb,7.0,8.0,15.0,18.0,0.13398624713481974,0.3406959783288185,0.17732861012710982,0.1,9.96,6.12,0.14285714285714285,0.125,0.06666666666666668,0.05555555555555555,0.0,0.0,0.0,0.0,0.14285714285714285,0.125,0.13333333333333333,0.1111111111111111,0.0,0.0,0.06666666666666668,0.16666666666666666,0.14285714285714285,0.125,0.13333333333333333,0.1111111111111111,0.14285714285714285,0.125,0.06666666666666668,0.05555555555555555,0.14285714285714285,0.125,0.13333333333333333,0.1111111111111111,0.14285714285714285,0.25,0.13333333333333333,0.1111111111111111,0.0,0.0,0.06666666666666668,0.05555555555555555,0.0,0.0,0.0,0.0,0.14285714285714285,0.125,0.2,0.2222222222222222,0.0,0.0,0.0,0.0
CYS_A_53,CYS_A_206,protein_cavity_11.pdb,4.0,4.0,9.0,12.0,0.18550474547023296,0.7187230371009491,0.20621225194132872,0.1,9.96,4.67,0.0,0.0,0.0,0.0,0.25,0.25,0.1111111111111111,0.08333333333333333,0.25,0.25,0.1111111111111111,0.16666666666666666,0.0,0.0,0.0,0.08333333333333333,0.0,0.0,0.2222222222222222,0.16666666666666666,0.25,0.25,0.1111111111111111,0.08333333333333333,0.0,0.0,0.0,0.0,0.0,0.0,0.1111111111111111,0.16666666666666666,0.0,0.0,0.0,0.0,0.0,0.0,0.0,0.0,0.25,0.25,0.3333333333333333,0.25,0.0,0.0,0.0,0.0
CYS_A_95,CYS_A_257,protein_cavity_6.pdb,2.0,10.0,14.0,20.0,0.005093002657218778,0.4940212577502214,0.16430469441984058,0.11,11.29,5.66,0.0,0.0,0.07142857142857142,0.1,0.0,0.1,0.07142857142857142,0.05,0.0,0.0,0.0,0.0,0.0,0.1,0.07142857142857142,0.1,0.5,0.1,0.07142857142857142,0.05,0.0,0.1,0.14285714285714285,0.1,0.0,0.1,0.14285714285714285,0.15,0.0,0.2,0.21428571428571427,0.25,0.0,0.0,0.0,0.0,0.0,0.0,0.0,0.05,0.0,0.2,0.14285714285714285,0.1,0.5,0.1,0.07142857142857142,0.05
CYS_A_130,CYS_A_292,protein_cavity_7.pdb,4.0,7.0,11.0,15.0,0.036477160696680916,0.4581005586592179,0.16924088070982582,0.18,12.51,5.64,0.25,0.14285714285714285,0.09090909090909093,0.13333333333333333,0.0,0.0,0.0,0.0,0.0,0.14285714285714285,0.09090909090909093,0.06666666666666668,0.25,0.14285714285714285,0.09090909090909093,0.06666666666666668,0.0,0.0,0.0,0.0,0.0,0.0,0.0,0.0,0.25,0.14285714285714285,0.09090909090909093,0.2,0.25,0.42857142857142855,0.6363636363636364,0.4666666666666667,0.0,0.0,0.0,0.0,0.0,0.0,0.0,0.0,0.0,0.0,0.0,0.06666666666666668,0.0,0.0,0.0,0.0
CYS_A_147,CYS_A_309,protein_cavity_7.pdb,6.0,10.0,14.0,21.0,0.036477160696680916,0.4581005586592179,0.16924088070982582,0.13,10.75,5.64,0.0,0.0,0.0,0.047619047619047616,0.0,0.0,0.0,0.0,0.0,0.0,0.0,0.047619047619047616,0.0,0.0,0.07142857142857142,0.09523809523809523,0.0,0.1,0.07142857142857142,0.047619047619047616,0.0,0.0,0.0,0.0,0.16666666666666666,0.2,0.14285714285714285,0.14285714285714285,0.16666666666666666,0.3,0.35714285714285715,0.3809523809523809,0.0,0.0,0.0,0.0,0.3333333333333333,0.2,0.14285714285714285,0.09523809523809523,0.3333333333333333,0.2,0.21428571428571427,0.14285714285714285,0.0,0.0,0.0,0.0
CYS_A_147,CYS_A_309,protein_cavity_10.pdb,5.0,8.0,12.0,15.0,0.0,0.6778571428571428,0.21214285714285716,0.13,10.75,4.7,0.0,0.0,0.0,0.0,0.0,0.0,0.0,0.0,0.0,0.0,0.0,0.0,0.0,0.125,0.16666666666666666,0.13333333333333333,0.0,0.0,0.0,0.0,0.0,0.0,0.0,0.0,0.2,0.25,0.16666666666666666,0.13333333333333333,0.2,0.25,0.25,0.26666666666666666,0.0,0.0,0.0,0.0,0.4,0.25,0.16666666666666666,0.13333333333333333,0.2,0.125,0.25,0.3333333333333333,0.0,0.0,0.0,0.0
CYS_B_228,CYS_B_206,protein_cavity_4.pdb,7.0,8.0,15.0,19.0,0.13061132415971125,0.368373561921949,0.17911121136927588,0.1,9.73,6.08,0.14285714285714285,0.125,0.06666666666666668,0.05263157894736842,0.0,0.0,0.0,0.0,0.14285714285714285,0.125,0.13333333333333333,0.10526315789473684,0.0,0.0,0.13333333333333333,0.15789473684210525,0.14285714285714285,0.125,0.13333333333333333,0.10526315789473684,0.14285714285714285,0.125,0.06666666666666668,0.05263157894736842,0.14285714285714285,0.125,0.13333333333333333,0.10526315789473684,0.14285714285714285,0.25,0.13333333333333333,0.10526315789473684,0.0,0.0,0.06666666666666668,0.05263157894736842,0.0,0.0,0.0,0.0,0.14285714285714285,0.125,0.13333333333333333,0.2631578947368421,0.0,0.0,0.0,0.0
CYS_B_305,CYS_B_292,protein_cavity_5.pdb,4.0,7.0,10.0,13.0,0.04397781299524564,0.5225832012678289,0.1687797147385103,0.15,10.32,5.72,0.0,0.14285714285714285,0.1,0.15384615384615385,0.0,0.0,0.0,0.0,0.0,0.14285714285714285,0.1,0.07692307692307693,0.25,0.14285714285714285,0.1,0.07692307692307693,0.0,0.0,0.0,0.0,0.0,0.0,0.0,0.0,0.25,0.14285714285714285,0.1,0.15384615384615385,0.5,0.42857142857142855,0.6,0.4615384615384616,0.0,0.0,0.0,0.0,0.0,0.0,0.0,0.0,0.0,0.0,0.0,0.07692307692307693,0.0,0.0,0.0,0.0
CYS_B_322,CYS_B_309,protein_cavity_5.pdb,6.0,9.0,13.0,20.0,0.04397781299524564,0.5225832012678289,0.1687797147385103,0.12,10.78,5.72,0.0,0.0,0.0,0.05,0.0,0.0,0.0,0.0,0.0,0.0,0.0,0.0,0.0,0.0,0.07692307692307693,0.1,0.0,0.1111111111111111,0.07692307692307693,0.05,0.0,0.0,0.0,0.0,0.16666666666666666,0.2222222222222222,0.15384615384615385,0.15,0.16666666666666666,0.2222222222222222,0.3076923076923077,0.35,0.0,0.0,0.0,0.0,0.3333333333333333,0.2222222222222222,0.15384615384615385,0.1,0.3333333333333333,0.2222222222222222,0.2307692307692308,0.2,0.0,0.0,0.0,0.0
