resid,resCavID,cavityPDB,ENV1-All,ENV2-All,ENV3-All,ENV4-All,hbVR,hDVR,lipVR,QSASA,pka,pkdAve,ENV1-Tanaka1,ENV2-Tanaka1,ENV3-Tanaka1,ENV4-Tanaka1,ENV1-Tanaka2,ENV2-Tanaka2,ENV3-Tanaka2,ENV4-Tanaka2,ENV1-Tanaka3,ENV2-Tanaka3,ENV3-Tanaka3,ENV4-Tanaka3,ENV1-Tanaka4,ENV2-Tanaka4,ENV3-Tanaka4,ENV4-Tanaka4,ENV1-Tanaka5,ENV2-Tanaka5,ENV3-Tanaka5,ENV4-Tanaka5,ENV1-Tanaka6,ENV2-Tanaka6,ENV3-Tanaka6,ENV4-Tanaka6,ENV1-Tanaka7,ENV2-Tanaka7,ENV3-Tanaka7,ENV4-Tanaka7,ENV1-Tanaka8,ENV2-Tanaka8,ENV3-Tanaka8,ENV4-Tanaka8,ENV1-Tanaka9,ENV2-Tanaka9,ENV3-Tanaka9,ENV4-Tanaka9,ENV1-Tanaka10,ENV2-Tanaka10,ENV3-Tanaka10,ENV4-Tanaka10,ENV1-Tanaka11,ENV2-Tanaka11,ENV3-Tanaka11,ENV4-Tanaka11,ENV1-Tanaka12,ENV2-Tanaka12,ENV3-Tanaka12,ENV4-Tanaka12
CYS_A_53,CYS_A_206,protein_cavity_11.pdb,4.0,4.0,9.0,12.0,0.18550474547,0.718723037101,0.206212251941,0.1,9.96,4.67,0.0,0.0,0.0,0.0,0.25,0.25,0.111111111111,0.0833333333333,0.25,0.25,0.111111111111,0.166666666667,0.0,0.0,0.0,0.0833333333333,0.0,0.0,0.222222222222,0.166666666667,0.25,0.25,0.111111111111,0.0833333333333,0.0,0.0,0.0,0.0,0.0,0.0,0.111111111111,0.166666666667,0.0,0.0,0.0,0.0,0.0,0.0,0.0,0.0,0.25,0.25,0.333333333333,0.25,0.0,0.0,0.0,0.0
CYS_A_53,CYS_A_206,protein_cavity_3.pdb,7.0,8.0,15.0,18.0,0.133986247135,0.340695978329,0.177328610127,0.1,9.96,6.12,0.142857142857,0.125,0.0666666666667,0.0555555555556,0.0,0.0,0.0,0.0,0.142857142857,0.125,0.133333333333,0.111111111111,0.0,0.0,0.0666666666667,0.166666666667,0.142857142857,0.125,0.133333333333,0.111111111111,0.142857142857,0.125,0.0666666666667,0.0555555555556,0.142857142857,0.125,0.133333333333,0.111111111111,0.142857142857,0.25,0.133333333333,0.111111111111,0.0,0.0,0.0666666666667,0.0555555555556,0.0,0.0,0.0,0.0,0.142857142857,0.125,0.2,0.222222222222,0.0,0.0,0.0,0.0
CYS_A_95,CYS_A_257,protein_cavity_6.pdb,2.0,10.0,14.0,20.0,0.00509300265722,0.49402125775,0.16430469442,0.11,11.29,5.66,0.0,0.0,0.0714285714286,0.1,0.0,0.1,0.0714285714286,0.05,0.0,0.0,0.0,0.0,0.0,0.1,0.0714285714286,0.1,0.5,0.1,0.0714285714286,0.05,0.0,0.1,0.142857142857,0.1,0.0,0.1,0.142857142857,0.15,0.0,0.2,0.214285714286,0.25,0.0,0.0,0.0,0.0,0.0,0.0,0.0,0.05,0.0,0.2,0.142857142857,0.1,0.5,0.1,0.0714285714286,0.05
CYS_A_147,CYS_A_309,protein_cavity_10.pdb,5.0,8.0,12.0,15.0,0.0,0.677857142857,0.212142857143,0.13,10.75,4.7,0.0,0.0,0.0,0.0,0.0,0.0,0.0,0.0,0.0,0.0,0.0,0.0,0.0,0.125,0.166666666667,0.133333333333,0.0,0.0,0.0,0.0,0.0,0.0,0.0,0.0,0.2,0.25,0.166666666667,0.133333333333,0.2,0.25,0.25,0.266666666667,0.0,0.0,0.0,0.0,0.4,0.25,0.166666666667,0.133333333333,0.2,0.125,0.25,0.333333333333,0.0,0.0,0.0,0.0
CYS_A_147,CYS_A_309,protein_cavity_7.pdb,6.0,10.0,14.0,21.0,0.0364771606967,0.458100558659,0.16924088071,0.13,10.75,5.64,0.0,0.0,0.0,0.047619047619,0.0,0.0,0.0,0.0,0.0,0.0,0.0,0.047619047619,0.0,0.0,0.0714285714286,0.0952380952381,0.0,0.1,0.0714285714286,0.047619047619,0.0,0.0,0.0,0.0,0.166666666667,0.2,0.142857142857,0.142857142857,0.166666666667,0.3,0.357142857143,0.380952380952,0.0,0.0,0.0,0.0,0.333333333333,0.2,0.142857142857,0.0952380952381,0.333333333333,0.2,0.214285714286,0.142857142857,0.0,0.0,0.0,0.0
CYS_B_228,CYS_B_206,protein_cavity_4.pdb,7.0,8.0,15.0,19.0,0.13061132416,0.368373561922,0.179111211369,0.1,9.73,6.08,0.142857142857,0.125,0.0666666666667,0.0526315789474,0.0,0.0,0.0,0.0,0.142857142857,0.125,0.133333333333,0.105263157895,0.0,0.0,0.133333333333,0.157894736842,0.142857142857,0.125,0.133333333333,0.105263157895,0.142857142857,0.125,0.0666666666667,0.0526315789474,0.142857142857,0.125,0.133333333333,0.105263157895,0.142857142857,0.25,0.133333333333,0.105263157895,0.0,0.0,0.0666666666667,0.0526315789474,0.0,0.0,0.0,0.0,0.142857142857,0.125,0.133333333333,0.263157894737,0.0,0.0,0.0,0.0
CYS_B_305,CYS_B_292,protein_cavity_5.pdb,4.0,7.0,10.0,13.0,0.0439778129952,0.522583201268,0.168779714739,0.15,10.32,5.72,0.0,0.142857142857,0.1,0.153846153846,0.0,0.0,0.0,0.0,0.0,0.142857142857,0.1,0.0769230769231,0.25,0.142857142857,0.1,0.0769230769231,0.0,0.0,0.0,0.0,0.0,0.0,0.0,0.0,0.25,0.142857142857,0.1,0.153846153846,0.5,0.428571428571,0.6,0.461538461538,0.0,0.0,0.0,0.0,0.0,0.0,0.0,0.0,0.0,0.0,0.0,0.0769230769231,0.0,0.0,0.0,0.0
CYS_B_322,CYS_B_309,protein_cavity_5.pdb,6.0,9.0,13.0,20.0,0.0439778129952,0.522583201268,0.168779714739,0.12,10.78,5.72,0.0,0.0,0.0,0.05,0.0,0.0,0.0,0.0,0.0,0.0,0.0,0.0,0.0,0.0,0.0769230769231,0.1,0.0,0.111111111111,0.0769230769231,0.05,0.0,0.0,0.0,0.0,0.166666666667,0.222222222222,0.153846153846,0.15,0.166666666667,0.222222222222,0.307692307692,0.35,0.0,0.0,0.0,0.0,0.333333333333,0.222222222222,0.153846153846,0.1,0.333333333333,0.222222222222,0.230769230769,0.2,0.0,0.0,0.0,0.0
